[
  {
    "id" : "care",
    "type" : "ImplementationGuide",
    "url" : "https://fhir.ohc.network/ImplementationGuide/care",
    "version" : "0.1.0",
    "name" : "Care"
  },
  {
    "id" : "current-address-extension",
    "type" : "StructureDefinition",
    "url" : "https://fhir.ohc.network/StructureDefinition/current-address-extension",
    "version" : "0.1.0",
    "name" : "CurrentAddressExtension"
  },
  {
    "id" : "patient-profile",
    "type" : "StructureDefinition",
    "url" : "https://fhir.ohc.network/StructureDefinition/patient-profile",
    "version" : "0.1.0",
    "name" : "PatientProfile"
  },
  {
    "id" : "permanent-address-extension",
    "type" : "StructureDefinition",
    "url" : "https://fhir.ohc.network/StructureDefinition/permanent-address-extension",
    "version" : "0.1.0",
    "name" : "PermanentAddressExtension"
  },
  {
    "id" : "phone-extension",
    "type" : "StructureDefinition",
    "url" : "https://fhir.ohc.network/StructureDefinition/phone-extension",
    "version" : "0.1.0",
    "name" : "PhoneExtension"
  }
]
