{
  "codeSystems" : [
    {
      "url" : "http://hl7.org/fhir/ValueSet/marital-status",
      "version" : "5.0.0",
      "status" : "active",
      "name" : "MaritalStatusCodes",
      "title" : "Marital Status Codes",
      "description" : "This value set defines the set of codes that can be used to indicate the marital status of a person.",
      "systems" : [
        "http://terminology.hl7.org/CodeSystem/v3-MaritalStatus",
        "http://terminology.hl7.org/CodeSystem/v3-NullFlavor"
      ],
      "oids" : ["2.16.840.1.113883.4.642.3.29"],
      "sources" : ["2.16.840.1.113883.4.642.3.29"],
      "uses" : {
      },
      "StructureDefinition-patient-profile.html" : "Custom Patient Profile"
    }
  ]
}
